{"stats":{"minecraft:picked_up":{"minecraft:dirt":1},"minecraft:mined":{"minecraft:grass_block":1,"minecraft:oak_leaves":1},"minecraft:dropped":{"minecraft:dirt":1},"minecraft:custom":{"minecraft:jump":12,"minecraft:time_since_rest":4194,"minecraft:sprint_one_cm":581,"minecraft:play_time":4194,"minecraft:damage_taken":30,"minecraft:time_since_death":4194,"minecraft:walk_one_cm":1752,"minecraft:total_world_time":4194,"minecraft:drop":1,"minecraft:fall_one_cm":819,"minecraft:fly_one_cm":9613}},"DataVersion":3465}